<?xml version="1.0"?>

<document>

 <properties>
  <title>Commons</title>
  <author email="commons-dev@jakarta.apache.org">Commons Documentation Team</author>
 </properties>

 <body>

<section name="The BeanUtils Component">

<p>
Most Java developers are used to creating Java classes that conform to the
JavaBeans naming patterns for property getters and setters.  It is natural to
then access these methods directly, using calls to the corresponding
<code>getXxx</code> and <code>setXxx</code> methods.  However, there are some
occasions where dynamic access to Java object properties (without compiled-in
knowledge of the property getter and setter methods to be called) is needed.
Example use cases include:</p>
<ul>
<li>Building scripting languages that interact with the Java object model
    (such as the Bean Scripting Framework).</li>
<li>Building template language processors for web presentation and similar
    uses (such as JSP or Velocity).</li>
<li>Building custom tag libraries for JSP and XSP environments (such as Jakarta
    Taglibs, Struts, Cocoon).</li>
<li>Consuming XML-based configuration resources (such as Ant build scripts, web
    application deployment descriptors, Tomcat's <code>server.xml</code>
    file).</li>
</ul>

<p>
The Java language provides <em>Reflection</em> and <em>Introspection</em>
APIs (see the <code>java.lang.reflect</code> and <code>java.beans</code>
packages in the JDK Javadocs).  However, these APIs can be quite complex to
understand and utilize.  The  <em>BeanUtils</em> component provides
easy-to-use wrappers around these capabilities.
</p>

</section>


<section name="Documentation">

<p>The <a href="http://jakarta.apache.org/commons/beanutils/RELEASE-NOTES.txt">
Release Notes</a> document the new features and bug fixes that have been
included in this release.</p>

<p>The <a href="http://jakarta.apache.org/commons/beanutils/api/index.html">
JavaDoc API documents</a> are available online.  In particular, you should
note the property reference syntax options described in the
<code>PropertyUtils</code> class description.</p>

</section>


<section name="Releases">

<ul>
<li><a href="http://jakarta.apache.org/builds/jakarta-commons/release/commons-beanutils/v1.0/">Version 1.0</a></li>
<li><a href="http://jakarta.apache.org/builds/jakarta-commons/release/commons-beanutils/v1.1/">Version 1.1</a></li>
<li><a href="http://jakarta.apache.org/builds/jakarta-commons/release/commons-beanutils/v1.2/">Version 1.2</a></li>
<li><a href="http://jakarta.apache.org/builds/jakarta-commons/release/commons-beanutils/v1.3/">Version 1.3</a></li>
<li><a href="http://jakarta.apache.org/builds/jakarta-commons/release/commons-beanutils/v1.4/">Version 1.4</a></li>
<li><a href="http://jakarta.apache.org/builds/jakarta-commons/release/commons-beanutils/v1.4.1/">Version 1.4.1</a></li>
<li><a href="http://jakarta.apache.org/builds/jakarta-commons/release/commons-beanutils/v1.5/">Version 1.5</a></li>
</ul>

</section>


</body>
</document>
