<portlet-tabbed-pane>
    <portlet-tab label="StrutsPortlet">
        <title lang="en">StrutsPortlet Example</title>
        <portlet-tabbed-pane style="sub-menu">
            <portlet-tab label="strutsportlettab">
                <title lang="en">StrutsPortlet Example Application</title>
                <table-layout>
                    <row-layout>
                        <column-layout>
                            <portlet-frame label="strutsportlet">
                                <portlet-class>struts-portlet#StrutsPortlet</portlet-class>
                            </portlet-frame>
                        </column-layout>
                    </row-layout>
                </table-layout>
            </portlet-tab>
        </portlet-tabbed-pane>
    </portlet-tab>
</portlet-tabbed-pane>
