<?xml version="1.0" encoding="UTF-8"?>
<!--
/*
 * $Id: Action.java 502296 2007-02-01 17:33:39Z niallp $
 *
 * Licensed to the Apache Software Foundation (ASF) under one
 * or more contributor license agreements.  See the NOTICE file
 * distributed with this work for additional information
 * regarding copyright ownership.  The ASF licenses this file
 * to you under the Apache License, Version 2.0 (the
 * "License"); you may not use this file except in compliance
 * with the License.  You may obtain a copy of the License at
 *
 *  http://www.apache.org/licenses/LICENSE-2.0
 *
 * Unless required by applicable law or agreed to in writing,
 * software distributed under the License is distributed on an
 * "AS IS" BASIS, WITHOUT WARRANTIES OR CONDITIONS OF ANY
 * KIND, either express or implied.  See the License for the
 * specific language governing permissions and limitations
 * under the License.
 */
-->
<project version="4" relativePaths="false">
  <component name="CodeStyleManager">
    <option name="USE_DEFAULT_CODE_STYLE_SCHEME" value="true" />
    <option name="CODE_STYLE_SCHEME" value="" />
  </component>
  <component name="CodeStyleSettingsManager">
    <option name="PER_PROJECT_SETTINGS">
      <value />
    </option>
    <option name="USE_PER_PROJECT_SETTINGS" value="true" />
  </component>
</project>

