<?xml version="1.0" encoding="UTF-8"?>
<deployments>
	<deployment>
		<if-exists>overwrite</if-exists>
		<parent-ref>default</parent-ref>
		<properties />
		<page>
			<page-name>StrutsPortlet Example</page-name>
			<properties />
			<window>
				<window-name>StrutsWindow</window-name>
				<instance-ref>StrutsPortletInstance</instance-ref>
				<region>center</region>
				<height>0</height>
			</window>
		</page>
	</deployment>
	<deployment>
		<if-exists>overwrite</if-exists>
		<instance>
			<instance-name>StrutsPortletInstance</instance-name>
			<component-ref>struts-portlet.StrutsPortlet</component-ref>
		</instance>
	</deployment>
</deployments>
