<pages>
   <portal-name>default</portal-name>
   <page>
      <page-name>struts-portlet</page-name>
      <window>
         <window-name>StrutsPortletWindow</window-name>
         <instance-ref>struts-portlet.StrutsPortlet.StrutsPortletInstance</instance-ref>
         <region>left</region>
         <height>0</height>
      </window>
      <window>
         <window-name>StrutsPortletWindow2</window-name>
         <instance-ref>struts-portlet.StrutsPortlet2.StrutsPortlet2Instance</instance-ref>
         <region>right</region>
         <height>0</height>
      </window>
   </page>
</pages>
