<?xml version="1.0" encoding="UTF-8"?>

<!DOCTYPE struts PUBLIC
        "-//Apache Software Foundation//DTD Struts Configuration 2.0//EN"
        "http://struts.apache.org/dtds/struts-2.0.dtd">


<struts>
    <package name="freemarker" namespace="/freemarker" extends="struts-default">
        <action name="customFreemarkerManagerDemo">
            <result type="freemarker">/freemarker/customFreemarkerManagerUsage.ftl</result>
        </action>
        
        <action name="standardTags" class="org.apache.struts2.showcase.freemarker.StandardTagsAction">
            <result type="freemarker">/freemarker/standardTags.ftl</result>
        </action>
    </package>
</struts>	
