<?xml version="1.0" encoding="UTF-8" ?>

<!DOCTYPE struts PUBLIC
        "-//Apache Software Foundation//DTD Struts Configuration 2.0//EN"
        "http://struts.apache.org/dtds/struts-2.0.dtd">

<struts>
    <package name="xslt" extends="struts-default" namespace="/xslt">
        <default-action-ref name="index"/>

        <action name="index">
            <result>index.jsp</result>
        </action>

        <action name="classpath" class="org.apache.struts2.showcase.xslt.JVMAction">
            <result type="xslt">
                <param name="exposedValue">info.classpath</param>
            </result>
        </action>
        
        <action name="jvmInfoRaw" class="org.apache.struts2.showcase.xslt.JVMAction">
            <result type="xslt">
                <param name="exposedValue">info</param>
            </result>
        </action>

        <action name="jvmInfoAll" class="org.apache.struts2.showcase.xslt.JVMAction">
            <result type="xslt"/>
        </action>

        <action name="jvmInfo" class="org.apache.struts2.showcase.xslt.JVMAction">
            <result type="xslt">
                <param name="stylesheetLocation">/xslt/environment.xsl</param>
            </result>
        </action>

    </package>
</struts>


