<?xml version="1.0" encoding="UTF-8"?>

<!DOCTYPE struts PUBLIC
    "-//Apache Software Foundation//DTD Struts Configuration 2.0//EN"
    "http://struts.apache.org/dtds/struts-2.0.dtd">
	
<struts>
	<package name="conversion" namespace="/conversion" extends="struts-default">
	
		<!-- Example populating a List inside an Action -->
		<action name="enterPersonsInfo" method="input"
				class="org.apache.struts2.showcase.conversion.PersonAction">
			<result>enterPersonInfo.jsp</result>
		</action>
		<action name="submitPersonInfo" method="submit"
				class="org.apache.struts2.showcase.conversion.PersonAction">
			<result>showPersonInfo.jsp</result>	
			<result name="input">enterPersonInfo.jsp</result>
		</action>
		<action name="showPersonJspCode">
			<result type="plaintext">/conversion/enterPersonInfo.jsp</result>
		</action>
		<action name="showPersonActionJavaCode">
			<result type="plaintext">/conversion/PersonAction.java.txt</result>
		</action>
		<action name="showPersonJavaCode">
			<result type="plaintext">/conversion/Person.java.txt</result>
		</action>
		
		
		<!-- Example populating a Set inside an Action -->
		<action name="enterAddressesInfo" class="org.apache.struts2.showcase.conversion.AddressAction" method="input">
			<result>enterAddressInfo.jsp</result>
		</action>
		<action name="submitAddressesInfo" class="org.apache.struts2.showcase.conversion.AddressAction" method="submit">
			<result>showAddressInfo.jsp</result>
			<result name="input">enterAddressInfo.jsp</result>
		</action>
		<action name="showAddressJspCode">
			<result type="plaintext">/conversion/enterAddressInfo.jsp</result>
		</action>
		<action name="showAddressActionJavaCode">
			<result type="plaintext">/conversion/AddressAction.java.txt</result>
		</action>
		<action name="showAddressJavaCode">
			<result type="plaintext">/conversion/Address.java.txt</result>
		</action>
		
		
		<!-- Example populating a List with Tiger 5 Enum  -->		
		<action name="enterOperationEnumInfo" class="org.apache.struts2.showcase.conversion.OperationsEnumAction" method="input">
			<result>enterOperations.jsp</result>
		</action>
		<action name="submitOperationEnumInfo" class="org.apache.struts2.showcase.conversion.OperationsEnumAction" method="submit">
			<result>showOperations.jsp</result>
			<result name="input">enterOperations.jsp</result>
		</action>
		<action name="showEnumJspCode">
			<result type="plaintext">/conversion/enterOperations.jsp</result>
		</action>
		<action name="showOperationsEnumJavaCode">
			<result type="plaintext">/conversion/OperationsEnum.java.txt</result>
		</action>
		<action name="showOperationEnumActionJavaCode">
			<result type="plaintext">/conversion/OperationsEnumAction.java.txt</result>
		</action>
		<action name="showEnumTypeConverterJavaCode">
			<result type="plaintext">/conversion/EnumTypeConverter.java.txt</result>
		</action>
		<action name="showOperationsEnumActionConversionProperties">
			<result type="plaintext">/conversion/OperationsEnumActionConversion.txt</result>
		</action>
		
	</package>
</struts>	
