<?xml version="1.0" encoding="UTF-8"?>

<project>
  <extend>../project.xml</extend>
  <name>BeanUtils</name>
  <id>commons-beanutils</id>
  <currentVersion>1.6-dev</currentVersion>
  <inceptionYear>2000</inceptionYear>
  <shortDescription>Commons Bean Utils</shortDescription>
  <description>Java Bean Utililities</description>
  <url>http://jakarta.apache.org/commons/beanutils/</url>
  <developers>
    <developer>
      <name>Robert Burrell Donkin</name>
      <id>rdonkin</id>
      <email>rdonkin@apache.org</email>
      <organization>Apache Software Foundation</organization>
    </developer>
    <developer>
      <name>dIon Gillard</name>
      <id>dion</id>
      <email>dion@apache.org</email>
      <organization>Apache Software Foundation</organization>
    </developer>
    <developer>
      <name>Craig McClanahan</name>
      <id>craigmcc</id>
      <email>craigmcc@apache.org</email>
      <organization>Apache Software Foundation</organization>
    </developer>
    <developer>
      <name>Geir Magnusson Jr.</name>
      <id>geirm</id>
      <email>geirm@apache.org</email>
      <organization>Apache Software Foundation</organization>
    </developer>
    <developer>
      <name>Scott Sanders</name>
      <id>sanders</id>
      <email>sanders@apache.org</email>
      <organization>Apache Software Foundation</organization>
    </developer>
    <developer>
      <name>Rodney Waldhoff</name>
      <id>rwaldhoff</id>
      <email>rwaldhoff@apache.org</email>
      <organization>Apache Software Foundation</organization>
    </developer>
  </developers>
  
  <dependencies>
    <dependency>
      <id>commons-logging</id>
      <version>1.0</version>
    </dependency>
    <dependency>
      <id>commons-collections</id>
      <version>2.0</version>
    </dependency>
    <dependency>
      <id>junit</id>
      <version>3.7</version>
    </dependency>
  </dependencies>

  <build>
    <unitTest>
      <includes>
        <include>**/*TestCase.java</include>
      </includes>
    </unitTest>
  </build>

</project>
