<?xml version="1.0" encoding="UTF-8"?>

<portlet-app
    version="1.0"
    xmlns="http://java.sun.com/xml/ns/portlet/portlet-app_1_0.xsd"
    xmlns:xsi="http://www.w3.org/2001/XMLSchema-instance"
    xsi:schemaLocation="http://java.sun.com/xml/ns/portlet/portlet-app_1_0.xsd http://java.sun.com/xml/ns/portlet/portlet-app_1_0.xsd"
    id="struts-portlet">

    <portlet id="StrutsPortlet">
        <description xml:lang="EN">Struts Test Portlet</description>
        <portlet-name>StrutsPortlet</portlet-name>
        <display-name xml:lang="EN">Struts Test Portlet</display-name>
    
        <portlet-class>org.apache.struts2.portlet.dispatcher.Jsr168Dispatcher</portlet-class>

        <!-- The view mode namespace. Maps to a namespace in the Struts 2 config file. -->
        <init-param>
            <name>viewNamespace</name>
            <value>/view</value>
        </init-param>

        <!-- The default action to invoke in view mode. -->
        <init-param>
            <name>defaultViewAction</name>
            <value>index</value>
        </init-param>

        <!-- The edit mode namespace. Maps to a namespace in the Struts 2 config file. -->
        <init-param>
            <name>editNamespace</name>
            <value>/edit</value>
        </init-param>

        <!-- The default action to invoke in edit mode. -->
        <init-param>
            <name>defaultEditAction</name>
            <value>index</value>
        </init-param>

        <!-- The help mode namespace. Maps to a namespace in the Struts 2 config file. -->
        <init-param>
            <name>helpNamespace</name>
            <value>/help</value>
        </init-param>

        <!-- The default action to invoke in help mode. -->
        <init-param>
            <name>defaultHelpAction</name>
            <value>index</value>
        </init-param>
    
        <expiration-cache>0</expiration-cache>

        <supports>
            <mime-type>text/html</mime-type>
            <portlet-mode>edit</portlet-mode>
            <portlet-mode>help</portlet-mode>
			<portlet-mode>view</portlet-mode>
        </supports>

        <supported-locale>en</supported-locale>

        <portlet-info>
            <title>My StrutsPortlet portlet</title>
            <short-title>SP</short-title>
            <keywords>struts,portlet</keywords>
        </portlet-info>
    </portlet>
  
    <portlet id="StrutsPortlet2">
        <description xml:lang="EN">Struts Test Portlet2</description>
        <portlet-name>StrutsPortlet2</portlet-name>
        <display-name xml:lang="EN">Struts Test Portlet2</display-name>
    
        <portlet-class>org.apache.struts2.portlet.dispatcher.Jsr168Dispatcher</portlet-class>

        <!-- The view mode namespace. Maps to a namespace in the Struts 2 config file. -->
        <init-param>
            <name>viewNamespace</name>
            <value>/view</value>
        </init-param>

        <!-- The default action to invoke in view mode. -->
        <init-param>
            <name>defaultViewAction</name>
            <value>index</value>
        </init-param>

        <!-- The edit mode namespace. Maps to a namespace in the Struts 2 config file. -->
        <init-param>
            <name>editNamespace</name>
            <value>/edit</value>
        </init-param>

        <!-- The default action to invoke in edit mode. -->
        <init-param>
            <name>defaultEditAction</name>
            <value>index</value>
        </init-param>

        <!-- The help mode namespace. Maps to a namespace in the Struts 2 config file. -->
        <init-param>
            <name>helpNamespace</name>
            <value>/help</value>
        </init-param>

        <!-- The default action to invoke in help mode. -->
        <init-param>
            <name>defaultHelpAction</name>
            <value>index</value>
        </init-param>

        <expiration-cache>0</expiration-cache>

        <supports>
            <mime-type>text/html</mime-type>
            <portlet-mode>edit</portlet-mode>
            <portlet-mode>help</portlet-mode>
			<portlet-mode>view</portlet-mode>
        </supports>

        <supported-locale>en</supported-locale>

        <portlet-info>
            <title>My StrutsPortlet portlet2</title>
            <short-title>SP2</short-title>
            <keywords>struts,portlet</keywords>
        </portlet-info>
    </portlet>

</portlet-app>
