<?xml version="1.0"?>
<!DOCTYPE log4j:configuration SYSTEM "log4j.dtd">

<log4j:configuration xmlns:log4j="http://jakarta.apache.org/log4j/">
    <appender name="CONSOLE" class="org.apache.log4j.ConsoleAppender">
        <layout class="org.apache.log4j.PatternLayout">
            <param name="ConversionPattern" value="%d{ABSOLUTE} %-5p [%c] %m%n"/>
        </layout>
    </appender>

    <root>
        <priority value="ERROR"/>
        <appender-ref ref="CONSOLE"/>
    </root>
</log4j:configuration>
